"id","Name","City","Country","IATA","Latitude","Longitude"
"3262","Boone County Airport","Harrison","United States","HRO","36.26150131","-93.15470123"
"10137","Urrao Airport","","Colombia","URR","6.32883","-76.1425"
"10348","Kyauktu Airport","Kyaukhtu","Myanmar (Burma)","KYT","21.39999962","94.13330078"
"231","Touat Cheikh Sidi Mohamed Belkebir Airport","Adrar","Algeria","AZR","27.83760071","-0.186414003"
"10046","Espinosa Airport","","Brazil","ESI","-14.93369444","-42.81"
"9694","Nephi Municipal Airport","Nephi","United States","NPH","39.73880005","-111.8720016"
"3556","Palmdale Regional/USAF Plant 42 Airport","Palmdale","United States","PMD","34.62939835","-118.0849991"
"631","Bardufoss Airport","Bardufoss","Norway","BDU","69.05580139","18.54039955"
"1476","Sigonella Navy Air Base","Sigonella","Italy","NSY","37.401699","14.9224"
"2724","Tumeremo Airport","Tumeremo","Venezuela","TMO","7.24938","-61.52893"
"7254","Corowa Airport","","Australia","CWW","-35.99470139","146.3569946"
"9263","Council Airport","Council","United States","CIL","64.89790344","-163.7030029"
"9828","San Isidro del General Airport","San Isidro De El General","Costa Rica","IPZ","9.35262","-83.713097"
"7409","Ulanqab Jining Airport","Wulanchabu","China","UCB","41.129722","113.108056"
"5609","Qurghonteppa International Airport","Kurgan Tyube","Tajikistan","KQT","37.86640167","68.86470032"
"5649","Lintsang Airfield","Lincang","China","LNJ","23.73810005","100.0250015"
"3028","Tan Son Nhat International Airport","Ho Chi Minh City","Vietnam","SGN","10.81879997","106.6520004"
"8218","Aappilattoq Nanortalik Heliport","Aappilattoq","Greenland","QUV","60.1519","-44.2881"
"2243","Hachinohe Airport","Hachinoe","Japan","HHE","40.5564003","141.4660034"
"8036","MERCEDES","","Brazil","MDX","-29.2261","-53.0844"
"95","Matagami Airport","Matagami","Canada","YNM","49.76169968","-77.80280304"
"1381","Quimper-Cornouaille Airport","Quimper","France","UIP","47.97499847","-4.167789936"
"220","Cheikh Larbi Tébessi Airport","Tebessa","Algeria","TEE","35.43159866","8.12071991"
"8372","ALBEMARLE / STANLEY COUNTY","Badin","United States","VUJ","35.4167","-80.1508"
"8842","Dathina Airport","Al Qaws","Yemen","DAH","13.866884","46.133473"
"4659","Sanga Sanga Airport","Sanga Sanga","Philippines","TWT","5.046991","119.742996"
"7298","Rajiv Gandhi International Airport","Hyderabad","India","HYD","17.23131752","78.42985535"
"5177","Taree Airport","Taree","Australia","TRO","-31.8885994","152.5140076"
"9792","Jicalapa Airport","Jicalapa","Honduras","GUO","15.006111","-86.049164"
"5106","Mekoryuk Airport","Mekoryuk","United States","MYU","60.37139893","-166.2709961"
"3216","Hilo International Airport","Hilo","United States","ITO","19.72139931","-155.0480042"
"977","Faya Largeau Airport","Faya-largeau","Chad","FYT","17.91710091","19.11109924"
"3495","Dyess Air Force Base","Abilene","United States","DYS","32.42079926","-99.854599"
"2650","Comandante FAP German Arias Graziani Airport","Anta","Peru","ATA","-9.347439766","-77.5983963"
"9824","Flamingo Airport","Brasilito","Costa Rica","FMG","10.41860008","-85.78269958"
"2125","Panjgur Airport","Panjgur","Pakistan","PJG","26.9545002","64.13249969"
"258","Akure Airport","Akure","Nigeria","AKR","7.246739864","5.301010132"
"9077","Kinkungwa Airport","Kinkungwa","Democratic Republic Of The Congo","KLY","-2.578000069","26.73399925"
"9735","Les Sables-d'Olonne Talmont Airport","Les Sables-D'Olonne","France","LSO","46.47689819","-1.722779989"
"2236","Tokushima Airport/JMSDF Air Base","Tokushima","Japan","TKS","34.132801","134.606995"
"4848","Long Lellang Airport","Long Datih","Malaysia","LGL","3.421000004","115.1539993"
"6173","Grabtsevo Airport","Kaluga","Russia","KLF","54.54999924","36.3666687"
"1591","Pico Airport","Pico","Portugal","PIX","38.554298","-28.441299"
"249","Takoradi Airport","Takoradi","Ghana","TKD","4.89605999","-1.774760008"
"4807","Lokpriya Gopinath Bordoloi International Airport","Guwahati","India","GAU","26.10610008","91.58589935"
"976","N'Djamena International Airport","N'djamena","Chad","NDJ","12.1337","15.034"
"3829","General Wayne A. Downing Peoria International Airport","Peoria","United States","PIA","40.66419983","-89.69329834"
"10502","Eva Downs Airport","","","EVD","-18.00099945","134.8630066"
"9239","Pakyong Airport","Pakyong","India","PYG","27.2313","88.587196"
"2066","Shahroud Airport","Emam Shahr","Iran","RUD","36.4253006","55.10419846"
"360","Lübeck Blankensee Airport","Luebeck","Germany","LBC","53.80540085","10.71920013"
"1336","Abbeville","Abbeville","France","XAB","50.143501","1.831891"
"7990","Thorne Bay","Thorne Bay","United States","KTB","55.688","-132.5367"
"10631","Shay Gap Airport","","","SGP","-20.42469978","120.1409988"
"629","Kristiansand Airport","Kristiansand","Norway","KRS","58.204201","8.08537"
"7182","Juan Simons Vela Airport","Rioja","Peru","RIJ","-6.067860126","-77.16000366"
"6699","Richmond Airport","Richmond","Australia","RCM","-20.70190048","143.1150055"
"4870","Barcaldine Airport","Barcaldine","Australia","BCI","-23.56529999","145.3070068"
"8125","PARNAIBA/PREF DR JOAO S. FILHO","","Brazil","PBB","-2.8939","-41.7325"
"4295","Værøy Heliport","Værøy","Norway","VRY","67.654555","12.727257"
"1771","Xoxocotlán International Airport","Oaxaca","Mexico","OAX","16.99990082","-96.72660065"
"4043","Cheddi Jagan International Airport","Georgetown","Guyana","GEO","6.498549938","-58.2541008"
"3766","Ta'izz International Airport","Taiz","Yemen","TAI","13.68599987","44.13909912"
"8302","TSHABONG","Tshabong","Botswana","TBY","-26.0667","22.4667"
"2030","Omidiyeh Airport","Omidyeh","Iran","OMI","30.83519936","49.53490067"
"1529","Portoroz Airport","Portoroz","Slovenia","POW","45.47340012","13.61499977"
"6870","Banning Municipal Airport","Banning","United States","BNG","33.92309952","-116.8509979"
"9982","Anguganak Airport","Yemnu","Papua New Guinea","AKG","-3.560504","142.217307"
"5364","Orcas Island Airport","Eastsound","United States","ESD","48.70819855","-122.9100037"
"4205","Quaqtaq Airport","Quaqtaq","Canada","YQC","61.04639816","-69.61779785"
"5224","Montrose Regional Airport","Montrose CO","United States","MTJ","38.50979996","-107.8939972"
"8375","CASTRO/GAMBOA","Castro","Chile","WCA","-42.485","-73.7722"
"5216","Reykjahlíð Airport","Myvatn","Iceland","MVA","65.65579987","-16.91810036"
"3272","Acadiana Regional Airport","Louisiana","United States","ARA","30.0378","-91.883904"
"8556","Candle 2 Airport","Candle","United States","CDL","65.90769959","-161.9259949"
"5863","Cooinda Airport","Cooinda","Australia","CDA","-12.90330029","132.5319977"
"2424","Eduardo Gomes International Airport","Manaus","Brazil","MAO","-3.038609982","-60.04970169"
"10423","Vinh Long Airfield","","Vietnam","XVL","10.2509","105.9445"
"9136","Agostinho Neto Airport","Ponta Do Sol","Cape Verde","NTO","17.20280075","-25.09059906"
"98","High Level Airport","High Level","Canada","YOJ","58.62139893","-117.1650009"
"7791","  Chisana","Chisana","United States","CZN","62.0712","-142.0484"
"4385","Assiut International Airport","Asyut","Egypt","ATZ","27.04649925","31.01199913"
"9445","Farmington Regional Airport","Farmington","United States","FAM","37.76110077","-90.4285965"
"8009","XXX","","","LIK","9.8167","169.3167"
"8484","Munich Rail (DE)","München","Germany","ZMU","48.1394","11.5609"
"1445","Skiros Airport","Skiros","Greece","SKU","38.96760178","24.48719978"
"6897","Juína Airport","Juina","Brazil","JIA","-11.419444","-58.701668"
"8637","Haivaro Airport","Haivaro","Papua New Guinea","HIT","-6.9406","143.059"
"5679","Halls Creek Airport","Halls Creek","Australia","HCQ","-18.23390007","127.6699982"
"735","Spangdahlem Air Base","Spangdahlem","Germany","SPM","49.97269821","6.692500114"
"2794","Pulkovo Airport","St. Petersburg","Russia","LED","59.8003006","30.26250076"
"9513","Kira Airport","Tiwa","Papua New Guinea","KIQ","-8.065111111","147.3320278"
"4479","Sármellék International Airport","Sármellék","Hungary","SOB","46.686391","17.159084"
"2937","Jaisalmer Airport","Jaisalmer","India","JSA","26.88870049","70.86499786"
"6769","Hechi Jinchengjiang Airport","Hechi","China","HCJ","24.805","107.6997"
"9212","Kornasoren Airfield","","Indonesia","FOO","-0.936325014","134.871994"
"1196","Adolfo Suárez Madrid–Barajas Airport","Madrid","Spain","MAD","40.471926","-3.56264"
"3980","Bundaberg Airport","Bundaberg","Australia","BDB","-24.90390015","152.3190002"
"9366","Kyle Oakley Field","Penny","United States","CEY","36.66460037","-88.37280273"
"10550","Lawn Hill Airport","","","LWH","-18.56830025","138.6349945"
"3125","Brisbane Archerfield Airport","Brisbane","Australia","ACF","-27.57029915","153.0079956"
"9951","San Miguel Airport","San Miguel, Panamá Province","Panama","NMG","8.4566","-78.9339"
"5004","Dalanzadgad Airport","Dalanzadgad","Mongolia","DLZ","43.59170151","104.4300003"
"5365","Astoria Regional Airport","Astoria","United States","AST","46.15800095","-123.8789978"
"6467","Maranggo Airport","Sulawesi Tenggara","Indonesia","TQQ","-5.764570236","123.9169998"
"9159","Haibei Qilian Airport","Haibei Zangzuzizhizhou","China","HBQ","38.012","100.644"
"7772","Chicken","Chicken","United States","CKX","64.0713","-141.9523"
"6515","Johnson County Executive Airport","Olathe","United States","OJC","38.84759903","-94.73760223"
"2196","Iki Airport","Iki","Japan","IKI","33.74900055","129.7850037"
"4975","Changzhi Airport","Changzhi","China","CIH","36.247501","113.125999"
"710","Sundsvall-Härnösand Airport","Sundsvall","Sweden","SDL","62.52809906","17.44389915"
"638","Kristiansund Airport (Kvernberget)","Kristiansund","Norway","KSU","63.11180115","7.824520111"
"5489","Siuna","Siuna","Nicaragua","SIU","13.72722244","-84.77777863"
"4782","Andizhan Airport","Andizhan","Uzbekistan","AZN","40.72769928","72.29399872"
"10498","Elkedra Airport","","","EKD","-21.17250061","135.4440002"
"3072","Babo Airport","Babo","Indonesia","BXB","-2.532239914","133.4389954"
"8813","Las Cruces Airport","","Colombia","SNT","7.38322","-73.505402"
"5313","Spirit of St Louis Airport","Null","United States","SUS","38.66210175","-90.65200043"
"4576","Tongoa Airport","Tongoa Island","Vanuatu","TGH","-16.89109993","168.5509949"
"10072","Sissano Airport","Sissano","Papua New Guinea","SIZ","-2.999444444","142.0445"
"3364","Pensacola Regional Airport","Pensacola","United States","PNS","30.47340012","-87.18659973"
"8806","Caia Airport","Caia","Mozambique","CMZ","-17.8331","35.3341"
"940","Xangongo Airport","Xangongo","Angola","XGN","-16.7553997","14.96529961"
"3534","Ontario International Airport","Ontario","United States","ONT","34.05599976","-117.6009979"
"7894","INGHAM","Ingham","Australia","IGH","-18.6656","146.1475"
"9755","Francisco Primo de Verdad y Ramos Airport","Santa Rosa","Mexico","LOM","21.258983","-101.943758"
"937","Lubango Airport","Lubango","Angola","SDD","-14.92469978","13.57499981"
"3169","Wagga Wagga City Airport","Wagga Wagga","Australia","WGA","-35.16529846","147.4660034"
"9753","Munbil Airport","Bogut","Papua New Guinea","LNF","-4.855941","141.220165"
"3365","Grand Forks Air Force Base","Red River","United States","RDR","47.96110153","-97.40119934"
"4978","Baotou Airport","Baotou","China","BAV","40.56000137","109.9970016"
"7273","Smithton Airport","","Australia","SIO","-40.83499908","145.0839996"
"750","Flugplatz Kitzingen","Kitzingen","Germany","KZG","49.743099","10.2006"
"7489","Urzhar Airport","Urzhar","Kazakhstan","UZR","47.09115","81.66521"
"10360","Mindiptana Airport","","Indonesia","MDP","-5.75","140.3670044"
"8421","TIKRIT/AL SAHRA AAF","Tikrit","Iraq","XTV","34.6732","43.543"
"9040","Salima Airport","Senga","Malawi","LMB","-13.7558927","34.58418846"
"8062","  Manare","Manari","Papua New Guinea","MRM","-9.2","147.617"
"8200","SAO BORJA","Santo Tomé","Argentina","QOJ","-28.5025","-56.0322"
"7886","Hollis","Hollis","United States","HYL","55.4816","-132.6461"
"8859","Fada N'gourma Airport","Fada-Ngourma","Burkina Faso","FNG","12.03299999","0.349999994"
"9829","Moroak Airport","Flying Fox","Australia","MRT","-14.818133","133.700594"
"5476","Bonnyville Airport","Bonnyville","Canada","YBY","54.304199","-110.744003"
"5031","Luzhou Airport","Luzhou","China","LZO","28.85219955","105.3929977"
"2159","Pohnpei International Airport","Pohnpei","Micronesia","PNI","6.985099792","158.2089996"
"2211","Oita Airport","Oita","Japan","OIT","33.47940063","131.7369995"
"974","Abeche Airport","Abeche","Chad","AEH","13.84700012","20.84429932"
"1767","General Mariano Escobedo International Airport","Monterrey","Mexico","MTY","25.7784996","-100.1070023"
"9608","Park Falls Municipal Airport","Park Falls","United States","PKF","45.95500183","-90.42440033"
"3494","Altoona Blair County Airport","Altoona","United States","AOO","40.29639816","-78.31999969"
"10011","Puerto La Victoria Airport","Cerro Morado","Paraguay","PCJ","-22.295041","-57.866333"
"6263","Keokuk Municipal Airport","Keokuk","United States","EOK","40.4598999","-91.42849731"
"3748","Barysiai Airport","Barysiai","Lithuania","HLJ","56.0705986","23.55809975"
"9118","Boutilimit Airport","Boutilimit","Mauritania","OTL","17.53300095","-14.68299961"
"2739","Henry E Rohlsen Airport","St. Croix Island","Virgin Islands","STX","17.70190048","-64.79859924"
"6600","Cowra Airport","Chatsworth","Australia","CWT","-33.84469986","148.6490021"
"6249","Marco Island Executive Airport","Marco Island Airport","United States","MRK","25.995001","-81.672501"
"1007","Lisala Airport","Lisala","Congo (Kinshasa)","LIQ","2.17066","21.496901"
"8878","Boundiali Airport","Boundiali","Côte D'Ivoire","BXI","9.532999992","-6.467000008"
"5349","Mc Cook Ben Nelson Regional Airport","McCook","United States","MCK","40.20629883","-100.5920029"
"4948","Gove Airport","Gove","Australia","GOV","-12.26939964","136.8179932"
"10019","Taean Airport","Taean-Gun","South Korea","QDY","36.59453","126.295803"
"8252","Saatut","Saattut","Greenland","SAE","70.8117","-51.6333"
"8529","Marlboro Airport","Marlborough","United States","MXG","42.343201","-71.509002"
"5563","Tsletsi Airport","Djelfa","Algeria","QDJ","34.6657","3.351"
"9205","Anggi Airport","","Indonesia","AGD","-1.3858","133.8737"
"4153","Qeqertarsuaq Heliport","Qeqertarsuaq Airport","Greenland","JGO","69.25118199","-53.51487637"
"2781","Yuzhno-Sakhalinsk Airport","Yuzhno-sakhalinsk","Russia","UUS","46.88869858","142.7180023"
"4414","Bradford Regional Airport","Bradford","United States","BFD","41.80310059","-78.64009857"
"5776","Lakeland Linder International Airport","Lakeland","United States","LAL","27.988899","-82.018602"
"4250","Muskrat Dam Airport","Muskrat Dam","Canada","MSA","53.44139862","-91.76280212"
"9476","Goshen Municipal Airport","Goshen","United States","GSH","41.52640152","-85.79290009"
"9589","Omak Airport","Omak","United States","OMK","48.46440125","-119.5179977"
"2835","Kurumoch International Airport","Samara","Russia","KUF","53.50490189","50.16429901"
"5706","Takaka Airport","Takaka","New Zealand","KTF","-40.81330109","172.7749939"
"173","Abbotsford Airport","Abbotsford","Canada","YXX","49.02529907","-122.3610001"
"79","Schefferville Airport","Schefferville","Canada","YKL","54.80530167","-66.80529785"
"3722","Umbu Mehang Kunda Airport","Waingapu","Indonesia","WGP","-9.66922","120.302002"
"8417","  Qualicum Beach","Qualicum Beach","Canada","XQU","49.3372","-124.3939"
"3753","Panevėžys Air Base","Panevezys","Lithuania","PNV","55.72940063","24.46080017"
"1782","Los Cabos International Airport","San Jose Del Cabo","Mexico","SJD","23.15180016","-109.7210007"
"950","Principe Airport","Principe","Sao Tome and Principe","PCP","1.662940025","7.411739826"
"4121","Ngorangora Airport","Kirakira","Solomon Islands","IRA","-10.44970036","161.897995"
"563","RAF Honington","Honington","United Kingdom","BEQ","52.34260178","0.772939026"
"135","Nanisivik Airport","Nanisivik","Canada","YSR","72.982201","-84.613602"
"2477","Ponta Porã Airport","Ponta Pora","Brazil","PMG","-22.5496006","-55.70259857"
"3872","Hawke's Bay Airport","NAPIER","New Zealand","NPE","-39.465801","176.869995"
"10509","Gamboola Airport","Wrotham","Australia","GBP","-16.54999924","143.6670074"
"2100","Dubai International Airport","Dubai","United Arab Emirates","DXB","25.25279999","55.36439896"
"1709","Cibao International Airport","Santiago","Dominican Republic","STI","19.40609932","-70.60469818"
"2182","Matsumoto Airport","Matsumoto","Japan","MMJ","36.16680145","137.9230042"
"8505","Dunsmuir Muni-Mott Airport","Mount Shasta","United States","MHS","41.263199","-122.272003"
"3105","Butterworth Airport","Butterworth","Malaysia","BWH","5.465919971","100.3909988"
"6654","Beni Mellal Airport","Beni Mellal","Morocco","BEM","32.401895","-6.315905"
"7568","Bunyu Airport","Bunyu","Indonesia","BYQ","3.455719948","117.8669968"
"9524","Triangle North Executive Airport","Louisburg","United States","LFN","36.0233","-78.330299"
"9413","Angama Airport","Kawai","Kenya","ANA","-1.27156","34.955513"
"1285","Bastia-Poretta Airport","Bastia","France","BIA","42.55270004","9.483730316"
"4054","Sabiha Gökçen International Airport","Istanbul","Turkey","SAW","40.89860153","29.30920029"
"2647","Capitan FAP Jose A Quinones Gonzales International Airport","Chiclayo","Peru","CIX","-6.787479877","-79.82810211"
"3568","New Orleans NAS JRB/Alvin Callender Field","New Orleans","United States","NBG","29.82530022","-90.03500366"
"8231","Roche Harbor                            ","Friday Harbor","United States","RCE","48.6123","-123.1385"
"8041","MILANO/BRESSO","","Italy","MIL","45.5406","9.2022"
"1162","Plovdiv International Airport","Plovdiv","Bulgaria","PDV","42.067799","24.8508"
"1489","Milano Linate Airport","Milan","Italy","LIN","45.445099","9.27674"
"4487","Kahramanmaraş Airport","Kahramanmaras","Turkey","KCM","37.53882599","36.95352173"
"7743","Bellona","Peka","Solomon Islands","BNY","-11.3022","159.7981"
"9797","Copán Ruinas Airport","","Honduras","RUY","14.914885","-89.007837"
"8886","Ouango Fitini Airport","Ouangofétini","Côte D'Ivoire","OFI","9.600000381","-4.050000191"
"4903","Griffith Airport","Griffith","Australia","GFF","-34.25080109","146.0670013"
"8958","Batangafo Airport","Batangafo","Central African Republic","BTG","7.314109802","18.30879974"
"7421","Oyo Ollombo Airport","Oyo","Congo (Brazzaville)","OLL","-1.226666","15.91"
"2651","Jorge Chávez International Airport","Lima","Peru","LIM","-12.0219","-77.114305"
"2808","Stavropol Shpakovskoye Airport","Stavropol","Russia","STW","45.10919952","42.1128006"
"7176","Coveñas Airport","Coveñas","Colombia","CVE","9.40092","-75.6913"
"10647","Tobermorey Airport","","","TYP","-22.25580025","137.9530029"
"4061","Valan Airport","Honningsvag","Norway","HVG","71.00969696","25.98360062"
"2615","Gustavo Vargas Airport","Tame","Colombia","TME","6.45108","-71.7603"
"2425","Jacareacanga Airport","Jacare-acanga","Brazil","JCR","-6.233160019","-57.77690125"
"4942","Newman Airport","Newman","Australia","ZNE","-23.4178009","119.8030014"
"4618","Sulaymaniyah International Airport","Sulaymaniyah","Iraq","ISU","35.5617485","45.31673813"
"954","Lichinga Airport","Lichinga","Mozambique","VXC","-13.274","35.2663"
"8811","Brockville - Thousand Islands Regional Tackaberry Airport","","Canada","XBR","44.63940048","-75.75029755"
"9866","Wakaya Island Airport","","","KAY","-17.61700058","179.0169983"
"1810","Panama Pacific International Airport","Howard","Panama","BLB","8.91479","-79.599602"
"5698","Beru Airport","Beru Island","Kiribati","BEZ","-1.354719996","176.0070038"
"4225","Oxford House Airport","Oxford House","Canada","YOH","54.93330002","-95.27890015"
"2195","Wakkanai Airport","Wakkanai","Japan","WKJ","45.40420151","141.8009949"
"6620","Plínio Alarcom Airport","Tres Lagoas","Brazil","TJL","-20.75419998","-51.68420029"
"9149","Nejjo Airport","Jarso","Ethiopia","NEJ","9.55","35.466995"
"1977","Wanganui Airport","Wanganui","New Zealand","WAG","-39.96220016","175.0249939"
"5044","Jinzhou Airport","Jinzhou","China","JNZ","41.10139847","121.0619965"
"8381","Wenshan","Wenshan Zhuangzumiaozuzizhizhou","China","WNH","23.373","104.249"
"9145","Metema Airport","Metema","Ethiopia","ETE","12.93299961","36.16699982"
"10513","Ginbata Airport","","","GBW","-22.5812","120.03553"
"10448","Bloomfield River Airport","Bloomfield","Australia","BFC","-15.87360001","145.3300018"
"8729","Fáskrúðsfjörður Airport","Fáskrúðsfjörður","Iceland","FAS","64.931456","-14.047957"
"10076","Arboletes Airport","Arboletes","Colombia","ARO","8.85705","-76.4244"
"9739","Belluno Airport","","Italy","BLX","46.166549","12.250389"
"5250","Lausanne-Blécherette Airport","Lausanne","Switzerland","QLS","46.54529953","6.616670132"
"7002","Port Hawkesbury Airport","Port Hawkesbury","Canada","YPS","45.65670013","-61.36809921"
"806","Ladysmith Airport","Ladysmith","South Africa","LAY","-28.58169937","29.74970055"
"2776","Khabarovsk-Novy Airport","Khabarovsk","Russia","KHV","48.52799988","135.1880035"
"2679","General José Antonio Anzoategui International Airport","Barcelona","Venezuela","BLA","10.111111","-64.692222"
"8604","Sturt Creek Airport","","","SSK","-19.16640091","128.173996"
"2212","Kitakyūshū Airport","Kitakyushu","Japan","KKJ","33.84590149","131.0350037"
"3715","Komodo Airport","Labuhan Bajo","Indonesia","LBJ","-8.48666","119.889"
"8901","Abu Rudeis Airport","","","AUE","28.89900017","33.20249939"
"8040","Monteagudo","La Herradura","Bolivia","MHW","-19.4925","-63.5745"
"3830","Appleton International Airport","Appleton","United States","ATW","44.2580986","-88.51909637"
"1794","Cancún International Airport","Cancun","Mexico","CUN","21.03650093","-86.87709808"
"2201","Okushiri Airport","Okushiri","Japan","OIR","42.07170105","139.4329987"
"1835","Jacmel Airport","Jacmel","Haiti","JAK","18.24110031","-72.51850128"
"10668","Wee Waa Airport","Wee Waa","Australia","WEW","-30.25830078","149.4080048"
"548","Oxford (Kidlington) Airport","Oxford","United Kingdom","OXF","51.8368988","-1.320000052"
"813","Mkuze Airport","Mkuze","South Africa","MZQ","-27.62610054","32.04430008"
"4687","Sorocaba Airport","Sorocaba","Brazil","SOD","-23.478001","-47.490002"
"50","Estevan Airport","Estevan","Canada","YEN","49.21030045","-102.9660034"
"9887","Mueo Airport","Népoui","New Caledonia","PDC","-21.31640053","164.9989929"
"914","Vohimarina Airport","Vohemar","Madagascar","VOH","-13.37580013","50.00279999"
"10572","Minlaton Airport","Minlaton","Australia","XML","-34.75","137.5330048"
"1930","Lifou Airport","Lifou","New Caledonia","LIF","-20.77479935","167.2400055"
"4455","Portsmouth International at Pease Airport","Portsmouth","United States","PSM","43.07789993","-70.82330322"
"2521","María Dolores Airport","Los Angeles","Chile","LSQ","-37.40169907","-72.42539978"
"91","Maniwaki Airport","Maniwaki","Canada","YMW","46.27280045","-75.99060059"
"5922","Ye Airport","Ye","Burma","XYE","15.30000019","97.86699677"
"5613","Saskylakh Airport","Saskylakh","Russia","SYS","71.92790222","114.0800018"
"9448","Fresno Chandler Executive Airport","Fresno","United States","FCH","36.732399","-119.82"
"9614","La Porte Municipal Airport","La Porte","United States","LPO","41.57249832","-86.73449707"
"10612","Ord River Airport","","","ODR","-17.34079933","128.9120026"
"7424","Boun Neau Airport","Phongsaly","Laos","PCQ","21.6475","101.9"
"1926","Raiatea Airport","Raiatea Island","French Polynesia","RFP","-16.7229","-151.466003"
"10325","Kontum Airport","Thành Phố Kon Tum","Vietnam","KON","14.35000038","108.0169983"
"10462","Cape Flattery Airport","Hope Vale","Australia","CQP","-14.970832","145.311667"
"2400","Comandante Gustavo Kraemer Airport","Bage","Brazil","BGX","-31.39049911","-54.11220169"
"6282","Alldays Airport","Alldays","South Africa","ADY","-22.67900085","29.05550003"
"6030","Ourilândia do Norte Airport","Ourilandia do Norte","Brazil","OIA","-6.763100147","-51.04990005"
"8202","PECS/POGANY","Pogány","Hungary","QPJ","45.9892","18.2421"
"10504","Exmouth Airport","North West Cape","Australia","EXM","-22.0333004","114.0999985"
"10104","Solita Airport","","","SOH","3.016667","-71.75"
"3432","Wright AAF (Fort Stewart)/Midcoast Regional Airport","Wright","United States","LIY","31.889099","-81.562303"
"4446","Muskegon County Airport","Muskegon","United States","MKG","43.16949844","-86.23819733"
"6294","Kericho Airport","Kericho","Kenya","KEY","-0.3899","35.242093"
"10294","Mukhaizna Airport","","","UKH","19.38638889","56.40138889"
"8164","ARNHEIM/DEELEN","Hoenderloo","Netherlands","QAR","52.0597","5.8722"
"10336","Kurnool Airport","Kannamadakala","India","KJB","15.716288","78.16923"
"8100","Ustupu Island","Mulatupo O Sasardi","Panama","OGM","8.945","-77.734"
"8929","Sabi Sabi Airport","Sabie Park","South Africa","GSS","-24.94737543","31.44884777"
"9193","Masasi Airport","Masasi","Tanzania","XMI","-10.7329998","38.76699829"
"10399","Muhammad Taufiq Kiemas Airport","","Indonesia","TFY","-5.211562","103.936501"
"7770","Crooked Creek","Crooked Creek","United States","CKD","61.8679","-158.1349"
"2731","Sir Grantley Adams International Airport","Bridgetown","Barbados","BGI","13.07460022","-59.49250031"
"4625","Haines Airport","Haines","United States","HNS","59.24380112","-135.5240021"
"10629","Singleton Airport","Whittingham","Australia","SIX","-32.600832","151.193056"
"4914","Kubin Airport","Kubin","Australia","KUG","-10.22500038","142.2180023"
"1449","Thessaloniki Macedonia International Airport","Thessaloniki","Greece","SKG","40.5196991","22.97089958"
"3104","Sultan Abdul Halim Airport","Alor Setar","Malaysia","AOR","6.189670086","100.3980026"
"704","Gällivare Airport","Gallivare","Sweden","GEV","67.13240051","20.81459999"
"2456","João Correa da Rocha Airport","Maraba","Brazil","MAB","-5.368589878","-49.13800049"
"3606","Charleston Air Force Base-International Airport","Charleston","United States","CHS","32.89860153","-80.04049683"
"2703","La Fria Airport","La Fria","Venezuela","LFR","8.239167213","-72.27102661"
"4443","Lancaster Airport","Lancaster","United States","LNS","40.12170029","-76.2960968"
"8180","GUAIRA","","Brazil","QGA","-24.0792","-54.1875"
"1151","Lake Manyara Airport","Lake Manyara","Tanzania","LKY","-3.37631011","35.81829834"
"8897","Méndez Airport","Chupianza","Ecuador","MZD","-2.733330011","-78.3167038"
"814","Newcastle Airport","Newcastle","South Africa","NCS","-27.77059937","29.9769001"
"9390","Kickapoo Downtown Airport","Wichita Falls","United States","KIP","33.85779953","-98.49040222"
"8566","Dirico Airport","Dirico","Angola","DRC","-17.98192406","20.76806068"
"7171","Chañaral Airport","Chañaral","Chile","CNR","-26.33250046","-70.6072998"
"859","Kasane Airport","Kasane","Botswana","BBK","-17.83289909","25.16239929"
"4298","Åre Östersund Airport","Östersund","Sweden","OSD","63.19440079","14.50030041"
"1203","Reus Air Base","Reus","Spain","REU","41.1473999","1.167170048"
"5003","Bayankhongor Airport","Bayankhongor","Mongolia","BYN","46.16329956","100.7040024"
"430","Kauhajoki Airport","Kauhajoki","Finland","KHJ","62.46250153","22.39310074"
"8782","Fort McMurray / Mildred Lake Airport","Mildred Lake","Canada","NML","57.05559921","-111.5739975"
"4338","Mouilla Ville Airport","Mouila","Gabon","MJL","-1.84513998","11.05669975"
"1595","Humberto Delgado Airport (Lisbon Portela Airport)","Lisbon","Portugal","LIS","38.7813","-9.13592"
"9288","North Fork Valley Airport","Paonia","United States","WPO","38.83169937","-107.6460037"
"357","Siegerland Airport","Siegerland","Germany","SGE","50.70769882","8.082969666"
"5492","Playa Samara/Carrillo Airport","Carrillo","Costa Rica","PLD","9.870510101","-85.48139954"
"6497","Martin State Airport","Baltimore","United States","MTN","39.325699","-76.413803"
"2920","Nal Airport","Bikaner","India","BKB","28.07060051","73.2071991"
"8063","MONTE ALEGRE","","Brazil","MTE","-1.9964","-54.0708"
"9496","Billy Mitchell Airport","Frisco","United States","HNC","35.23279953","-75.61779785"
"3080","Sibu Airport","Sibu","Malaysia","SBW","2.261600018","111.9850006"
"10299","Ustupo Airport","Ustupo","Panama","UTU","9.1283","-77.9337"
"6407","Mattala Rajapaksa International Airport","Mattala","Sri Lanka","HRI","6.284467","81.124128"
"3727","Chiang Rai International Airport","Chiang Rai","Thailand","CEI","19.95229912","99.88289642"
"123","Gander International Airport","Gander","Canada","YQX","48.93690109","-54.56809998"
"8924","Musina(Messina) Airport","Musina","South Africa","MEZ","-22.3560009","29.98620033"
"10505","Finley Airport","Finley","Australia","FLY","-35.66669846","145.5500031"
"1334","Évreux-Fauville (BA 105) Air Base","Evreux","France","EVX","49.02870178","1.219859958"
"2523","Carriel Sur Airport","Concepcion","Chile","CCP","-36.772701","-73.063103"
"10213","Santa Vitória do Palmar Airport","","Brazil","CTQ","-33.50222397","-53.3441658"
"9334","Allen C Perkinson Blackstone Army Air Field","Blackstone","United States","BKT","37.07419968","-77.95749664"
"7263","Hay Airport","","Australia","HXX","-34.53139877","144.8300018"
"3672","Casper-Natrona County International Airport","Casper","United States","CPR","42.908001","-106.463997"
"10000","Paiela Airport","Orei","Papua New Guinea","PLE","-5.3725","142.9761111"
"7578","Sayaboury Airport","Sainyabuli","Laos","ZBY","19.2436","101.7093"
"3041","Myitkyina Airport","Myitkyina","Burma","MYT","25.38360023","97.35189819"
"10625","Rutland Plains Airport","Kowanyama","Australia","RTP","-15.64330006","141.8430023"
"9986","Hayfields Airport","Hayfield","Papua New Guinea","HYF","-3.69838","143.057902"
"8893","Deputatskiy Airport","Deputatskii","Russia","DPT","69.392503","139.890012"
"6334","Beech Factory Airport","Wichita","United States","BEC","37.69449997","-97.21499634"
"10275","Dongsha Island (Pratas Island) Airport","","","DSX","20.7066","116.721001"
"7044","Mangochi Airport","Mangochi","Malawi","MAI","-14.4829998","35.26699829"
"4417","Brunswick Golden Isles Airport","Brunswick","United States","BQK","31.25880051","-81.46649933"
"2607","El Embrujo Airport","Providencia","Colombia","PVA","13.3569","-81.3583"
"7781","CALVERTON/NAVAL WEAPONS INDUS.","Calverton","United States","CTO","40.9067","-72.7917"
"5016","Huangyan Luqiao Airport","Huangyan","China","HYN","28.56220055","121.4290009"
"2110","Faisalabad International Airport","Faisalabad","Pakistan","LYP","31.36499977","72.99479675"
"10548","Kalpowar Airport","","","KPP","-14.89","144.22"
"8768","Mary River Aerodrome","Mary River","Canada","YMV","71.32416667","-79.35694444"
"1979","Jalalabad Airport","Jalalabad","Afghanistan","JAA","34.39979935","70.49859619"
"3190","Hangzhou Xiaoshan International Airport","Hangzhou","China","HGH","30.22949982","120.4339981"
"1391","Épinal-Mirecourt Airport","Epinal","France","EPL","48.325001","6.06998"
"9561","Maury County Airport","Mount Pleasant","United States","MRC","35.55410004","-87.17890167"
"4855","Kudat Airport","Kudat","Malaysia","KUD","6.922500134","116.8359985"
"7555","Shirdi Airport","Shirdi","India","SAG","19.688611","74.378889"
"2475","Senador Nilo Coelho Airport","Petrolina","Brazil","PNZ","-9.362409592","-40.56909943"
"8889","Tabou Airport","Tabou","Côte D'Ivoire","TXU","4.437809467","-7.362728119"
"278","Tahoua Airport","Tahoua","Niger","THZ","14.8757","5.265359879"
"8594","Cresswell Downs Airport","","","CSD","-17.94799995","135.9160004"
"96","Old Crow Airport","Old Crow","Canada","YOC","67.57060242","-139.8390045"
"8526","Reese Airpark","Reese Center","United States","REE","33.59030151","-102.0370026"
"6470","Dinwiddie County Airport","Petersburg","United States","PTB","37.18379974","-77.50740051"
"1138","Damazin Airport","Damazin","Sudan","RSS","11.7859","34.3367"
"1428","Leros Airport","Leros","Greece","LRS","37.184898","26.800301"
"5068","Unst Airport","Unst","United Kingdom","UNT","60.74720001","-0.853850007"
"5675","Bathurst Island Airport","Bathurst Island","Australia","BRT","-11.76920033","130.6199951"
"3331","Kodiak Airport","Kodiak","United States","ADQ","57.75","-152.4940033"
"3290","Tipton Airport","Fort Meade","United States","FME","39.08539963","-76.75939941"
"7799","Deer Harbor","Eastsound","United States","DHB","48.616","-123.0"
"8731","Hólmavík Airport","Hólmavík","Iceland","HVK","65.70469666","-21.69639969"
"4585","Ipota Airport","Ipota","Vanuatu","IPA","-18.856389","169.283333"
"4684","Toledo Airport","Toledo","Brazil","TOW","-24.6863","-53.697498"
"5283","Naiu Airport","Niau","French Polynesia","NIU","-16.1191","-146.3683"
"10291","Preobrazheniye Airport","Preobrazheniye","Russia","RZH","42.921698","133.904438"
"4034","Ratanakiri Airport","Ratanakiri","Cambodia","RBE","13.72999954","106.9869995"
"8184","LA GOMERA","Playa Santiago","Spain","QGZ","28.0296","-17.2146"
"5641","Destin Executive Airport","Destin","United States","DSI","30.40010071","-86.47149658"
"9692","Taylor Airport","Taylor","United States","TYZ","34.45280075","-110.1149979"
"10659","Windarling Airport","","","WRN","-30.031667","119.39"
"1441","Sparti Airport","Sparti","Greece","SPJ","36.97389984","22.52630043"
"4887","Cloncurry Airport","Cloncurry","Australia","CNJ","-20.66860008","140.5039978"
"687","Mora Airport","Mora","Sweden","MXX","60.957901","14.5114"
"4477","Pécs-Pogány Airport","Pécs-Pogány","Hungary","PEV","45.990898","18.240996"
"9094","Kenieba Airport","Kéniéba","Mali","KNZ","12.83300018","-11.25"
"3069","Pattimura Airport, Ambon","Ambon","Indonesia","AMQ","-3.710259914","128.0890045"
"7351","Erldunda Airport","Erldunda","Australia","EDD","-25.2057991","133.2539978"
"4389","Nanyuki Airport","Nanyuki","Kenya","NYK","-0.062398899","37.041008"
"3660","Unalaska Airport","Unalaska","United States","DUT","53.90010071","-166.5440063"
"83","Meadow Lake Airport","Meadow Lake","Canada","YLJ","54.12530136","-108.5230026"
"3578","Millington-Memphis Airport","Millington","United States","NQA","35.356701","-89.8703"
"10482","Delta Downs Airport","","","DDN","-16.99169922","141.3170013"
"2505","Eurico de Aguiar Salles Airport","Vitoria","Brazil","VIX","-20.258057","-40.286388"
"4467","Victoria Regional Airport","Victoria","United States","VCT","28.8526001","-96.91850281"
"2190","Hakodate Airport","Hakodate","Japan","HKD","41.77000046","140.8220062"
"10485","Daly River Airport","Nauiyu","Australia","DVR","-13.7498064","130.6938782"
"7932","Sao Joao Del Rei","","Brazil","JDR","-21.0863","-44.2263"
"6031","Redenção Airport","Redencao","Brazil","RDC","-8.033289909","-49.97990036"
"6024","Kanas Airport","Burqin","China","KJI","48.2223","86.9959"
"1820","Guapiles Airport","Guapiles","Costa Rica","GPL","10.21720028","-83.79699707"
"4347","Eros Airport","Windhoek","Namibia","ERS","-22.61219978","17.08040047"
"10162","Colatina Airport","","Brazil","QCH","-19.48699951","-40.57939911"
"1301","Saint-Yan Airport","St.-yan","France","SYT","46.41249847","4.013259888"
"6328","Georgetown County Airport","Georgetown","United States","GGE","33.31169891","-79.31960297"
"2443","Francisco Vilela do Amaral Airport","Itumbiara","Brazil","ITR","-18.44470024","-49.21340179"
"6161","General Villamil Airport","Isabela","Ecuador","IBB","-0.942628026","-90.95300293"
"3509","Calexico International Airport","Calexico","United States","CXL","32.66949844","-115.5130005"
"8091","Nunapitchuk","Nunapitchuk","United States","NUP","60.9058","-162.4391"
"111","Red Deer Regional Airport","Red Deer Industrial","Canada","YQF","52.18220139","-113.8939972"
"8068","XXX","Namuga","Solomon Islands","NAZ","-10.7833","162.3"
"6324","Lima Allen County Airport","Lima","United States","AOH","40.706902","-84.026703"
"7285","Shiyan Wudangshan Airport","Shiyan","China","WDS","32.591667","110.907778"
"4022","Barnstable Municipal Boardman Polando Field","Barnstable","United States","HYA","41.66930008","-70.28040314"
"943","Lambarene Airport","Lambarene","Gabon","LBQ","-0.704388976","10.24569988"
"3468","Roscommon County - Blodgett Memorial Airport","Houghton Lake","United States","HTL","44.359798","-84.671095"
"8990","Ankaizina Airport","Ambatoria","Madagascar","WBE","-14.544277","48.691413"
"8600","Camballin Airport","Myroodah","Australia","MYO","-18.12470055","124.2720032"
"8580","Los Menucos Airport","Los Menucos","Argentina","LMD","-40.817699","-68.074699"
"4408","Athens Ben Epps Airport","Athens","United States","AHN","33.94860077","-83.32630157"
"3470","Dallas Fort Worth International Airport","Dallas-Fort Worth","United States","DFW","32.896801","-97.038002"
"9540","Malden Regional Airport","Malden","United States","MAW","36.6006012","-89.99220276"
"3912","Diosdado Macapagal International Airport","Angeles City","Philippines","CRK","15.186","120.559998"
"10253","Paramakatoi Airport","Paramahatoi","Guyana","PMT","4.6975","-59.7125"
"2205","Fukue Airport","Fukue","Japan","FUJ","32.66630173","128.8329926"
"10164","Guadalupe Airport","","Brazil","GDP","-6.782219887","-43.5821991"
"4363","Smara Airport","Smara","Western Sahara","SMW","26.7318","-11.6847"
"6873","Karl Stefan Memorial Airport","Norfolk  Nebraska","United States","OFK","41.98550034","-97.43509674"
"10165","Currais Novos Airport","","Brazil","QCP","-6.280832767","-36.54027939"
"1078","Rabil Airport","Boa Vista","Cape Verde","BVC","16.1364994","-22.88890076"
"7735","Big Creek","Pilot Point","United States","BIC","57.66","-157.58"
"1676","Batman Airport","Batman","Turkey","BAL","37.92900085","41.11660004"
"10339","Maafaru International Airport","Maafaru","Maldives","NMF","5.818394","73.469181"
"848","Virginia Airport","Durban","South Africa","VIR","-29.77059937","31.0583992"
"8447","LAC LA BICHE","Lac La Biche","Canada","YLB","54.7703","-112.0317"
"9113","Tchien Airport","Zwedru","Liberia","THC","6.04565","-8.138723"
"2429","Fernando de Noronha Airport","Fernando Do Noronha","Brazil","FEN","-3.85493","-32.423302"
"3707","Syamsudin Noor Airport","Banjarmasin","Indonesia","BDJ","-3.442359924","114.7630005"
"1157","Entebbe International Airport","Entebbe","Uganda","EBB","0.042386","32.443501"
"4113","Tuscaloosa Regional Airport","Tuscaloosa AL","United States","TCL","33.22060013","-87.61139679"
"4107","Longjia Airport","Changchun","China","CGQ","43.99620056","125.6849976"
"2117","Mangla Airport","Mangla","Pakistan","XJM","33.05009842","73.63839722"
"1486","Turin Airport","Torino","Italy","TRN","45.200802","7.64963"
"4989","Zhanjiang Airport","Zhanjiang","China","ZHA","21.214399","110.358002"
"6632","Shreveport Downtown Airport","Shreveport","United States","DTN","32.54019928","-93.74500275"
"8380","West Angelas","Newman","Australia","WLP","-23.1369","118.7065"
"1049","Mohammed V International Airport","Casablanca","Morocco","CMN","33.36750031","-7.589970112"
"5310","Prince Rupert/Seal Cove Seaplane Base","Prince Rupert","Canada","ZSW","54.33330154","-130.2830048"
"6441","Bijie Feixiong Airport","Bijie","China","BFJ","27.267066","105.472097"
"9812","Punta Colorada Airport","Punta Colorada","Mexico","PCO","23.575011","-109.535826"
"366","Mönchengladbach Airport","Moenchengladbach","Germany","MGL","51.230278","6.504444"
